City_ID,City,Lat,Lng,Max Temp,Humidity,Cloudiness,Wind Speed,Country,Date
0,Jalu,29.0331,21.5482,13.97,40,100,1.13,LY,2021-12-22 19:08:42
1,Jacareacanga,-6.2222,-57.7528,33.0,49,100,1.26,BR,2021-12-22 19:08:42
2,Cape Town,-33.9258,18.4232,22.84,78,80,2.24,ZA,2021-12-22 19:06:10
3,Lagoa,39.05,-27.9833,15.02,66,100,14.0,PT,2021-12-22 19:08:43
4,Haines Junction,60.7522,-137.5108,-28.22,97,50,1.01,CA,2021-12-22 19:08:43
5,Iqaluit,63.7506,-68.5145,-18.65,91,96,0.89,CA,2021-12-22 19:08:43
6,Yantikovo,55.8216,47.9104,-21.6,97,99,2.34,RU,2021-12-22 19:08:44
7,Methoni,36.8197,21.7049,12.34,64,63,2.57,GR,2021-12-22 19:08:44
8,Porto Novo,6.4965,2.6036,27.3,50,41,2.72,BJ,2021-12-22 19:05:37
9,Vincennes,48.85,2.4333,0.31,87,90,0.89,FR,2021-12-22 19:08:45
10,Hermanus,-34.4187,19.2345,22.72,80,100,6.92,ZA,2021-12-22 19:08:45
11,Camabatela,-8.1881,15.375,18.15,96,95,0.55,AO,2021-12-22 19:08:46
12,Ladario,-19.0047,-57.6017,26.92,80,98,1.38,BR,2021-12-22 19:08:46
13,Busselton,-33.65,115.3333,14.49,87,100,5.05,AU,2021-12-22 19:08:46
14,High Level,58.5169,-117.136,-22.91,97,100,1.15,CA,2021-12-22 19:08:26
15,Vestmannaeyjar,63.4427,-20.2734,1.44,69,11,5.93,IS,2021-12-22 19:08:47
16,Kutum,14.2,24.6667,17.48,19,14,4.7,SD,2021-12-22 19:08:47
17,Atuona,-9.8,-139.0333,25.97,79,23,9.33,PF,2021-12-22 19:08:48
18,Reo,12.3167,-2.4667,26.85,16,100,4.51,BF,2021-12-22 19:08:48
19,Albany,42.6001,-73.9662,3.58,65,51,0.45,US,2021-12-22 19:07:35
20,Barrow,71.2906,-156.7887,-25.44,97,100,6.93,US,2021-12-22 19:08:49
21,Puerto Ayora,-0.7393,-90.3518,22.57,81,77,3.74,EC,2021-12-22 19:08:49
22,Husavik,66.0449,-17.3389,-4.98,86,49,4.55,IS,2021-12-22 19:08:49
23,Tiksi,71.6872,128.8694,-24.9,99,100,2.74,RU,2021-12-22 19:08:50
24,Bethel,41.3712,-73.414,8.39,64,8,1.34,US,2021-12-22 19:08:50
25,Mataura,-46.1927,168.8643,11.38,72,12,2.95,NZ,2021-12-22 19:08:06
26,Braco Do Norte,-28.275,-49.1656,21.95,87,100,2.64,BR,2021-12-22 19:08:51
27,Bluff,-46.6,168.3333,11.56,70,12,11.73,NZ,2021-12-22 19:08:51
28,Ushuaia,-54.8,-68.3,16.41,44,100,2.24,AR,2021-12-22 19:07:28
29,Karratha,-20.7377,116.8463,32.26,16,3,3.44,AU,2021-12-22 19:08:51
30,Avarua,-21.2078,-159.775,26.03,78,75,3.6,CK,2021-12-22 19:08:52
31,Shenzhen,22.5455,114.0683,20.15,93,100,1.29,CN,2021-12-22 19:06:10
32,Wawa,9.9022,4.4192,27.78,26,1,2.52,NG,2021-12-22 19:08:52
33,Nong Khae,14.3406,100.8673,26.1,67,9,0.72,TH,2021-12-22 19:08:52
34,Upernavik,72.7868,-56.1549,-3.91,69,100,4.12,GL,2021-12-22 19:08:53
35,Mount Gambier,-37.8333,140.7667,8.58,93,86,1.49,AU,2021-12-22 19:08:53
36,Severobaykalsk,55.65,109.3167,-23.17,81,14,4.23,RU,2021-12-22 19:08:54
37,Ribeira Grande,38.5167,-28.7,15.22,67,40,11.32,PT,2021-12-22 19:08:54
38,Ayan,56.45,138.1667,-25.34,71,84,5.66,RU,2021-12-22 19:08:54
39,Saint George,37.1041,-113.5841,14.74,26,95,1.09,US,2021-12-22 19:05:58
40,Abashiri,44.0213,144.2697,-1.14,77,100,3.8,JP,2021-12-22 19:08:55
41,Port Alfred,-33.5906,26.891,20.8,85,100,5.01,ZA,2021-12-22 19:08:56
42,Senanga,-16.1167,23.2667,22.12,72,94,2.97,ZM,2021-12-22 19:08:56
43,Binzhou,37.3667,118.0167,2.96,87,86,3.42,CN,2021-12-22 19:08:56
44,Castro,-24.7911,-50.0119,23.59,52,100,0.7,BR,2021-12-22 19:08:57
45,Rikitea,-23.1203,-134.9692,25.18,77,87,5.01,PF,2021-12-22 19:09:57
46,Cabedelo,-6.9811,-34.8339,28.23,71,21,5.62,BR,2021-12-22 19:09:57
47,Mount Darwin,-16.7725,31.5838,21.79,85,100,2.19,ZW,2021-12-22 19:09:58
48,Nazare,-13.035,-39.0144,26.52,85,97,2.0,BR,2021-12-22 19:09:58
49,Kapaa,22.0752,-159.319,21.77,75,60,1.34,US,2021-12-22 19:09:59
50,Souillac,-20.5167,57.5167,26.31,86,100,5.4,MU,2021-12-22 19:09:59
51,Severo-Kurilsk,50.6789,156.125,-3.57,81,85,6.51,RU,2021-12-22 19:09:59
52,Hilo,19.7297,-155.09,19.33,1,100,0.84,US,2021-12-22 19:10:00
53,Chokurdakh,70.6333,147.9167,-28.93,98,100,3.33,RU,2021-12-22 19:10:00
54,Mount Isa,-20.7333,139.5,21.87,83,100,0.51,AU,2021-12-22 19:10:01
55,Cidreira,-30.1811,-50.2056,24.01,62,7,7.28,BR,2021-12-22 19:10:01
56,Tasiilaq,65.6145,-37.6368,-9.01,56,0,1.95,GL,2021-12-22 19:10:01
57,Otane,-39.8833,176.6333,18.02,61,100,1.35,NZ,2021-12-22 19:10:02
58,Tezu,27.9167,96.1667,11.97,85,10,2.33,IN,2021-12-22 19:10:02
59,Bambous Virieux,-20.3428,57.7575,26.23,84,100,6.39,MU,2021-12-22 19:10:03
60,Forecariah,9.4306,-13.0881,28.07,28,84,0.45,GN,2021-12-22 19:10:03
61,Acapulco,16.8634,-99.8901,29.28,63,5,3.12,MX,2021-12-22 19:07:07
62,Noumea,-22.2763,166.4572,26.67,99,1,3.5,NC,2021-12-22 19:06:45
63,Thompson,55.7435,-97.8558,-25.55,91,21,1.05,CA,2021-12-22 19:10:04
64,Bengkulu,-3.8004,102.2655,23.88,91,71,2.36,ID,2021-12-22 19:10:04
65,Kurilsk,45.2333,147.8833,-1.53,68,7,0.4,RU,2021-12-22 19:10:05
66,Ginir,7.1333,40.7,17.18,45,49,2.07,ET,2021-12-22 19:10:05
67,Narsaq,60.9167,-46.05,4.84,46,100,8.84,GL,2021-12-22 19:10:05
68,Vaini,-21.2,-175.2,26.75,70,98,6.83,TO,2021-12-22 19:10:06
69,Hearst,49.6835,-83.6665,-16.4,80,100,3.04,CA,2021-12-22 19:10:01
70,Montecorvino Rovella,40.6918,14.978,10.55,77,79,1.22,IT,2021-12-22 19:10:06
71,New Norfolk,-42.7826,147.0587,9.31,62,100,1.19,AU,2021-12-22 19:10:07
72,Sinop,41.7711,34.8709,-5.06,92,100,1.86,TR,2021-12-22 19:10:07
73,Geraldton,-28.7667,114.6,21.23,83,0,6.17,AU,2021-12-22 19:10:08
74,Dingle,10.9995,122.6711,23.15,93,100,2.8,PH,2021-12-22 19:10:08
75,Houston,29.7633,-95.3633,22.96,64,0,0.89,US,2021-12-22 19:10:09
76,Port Lincoln,-34.7333,135.8667,14.54,85,29,5.2,AU,2021-12-22 19:10:09
77,Kilindoni,-7.9139,39.6668,27.78,73,53,4.65,TZ,2021-12-22 19:10:09
78,Mandalgovi,45.7625,106.2708,-14.65,59,6,5.41,MN,2021-12-22 19:08:06
79,Isangel,-19.55,169.2667,26.47,81,3,2.38,VU,2021-12-22 19:10:10
80,Lompoc,34.6391,-120.4579,18.96,70,100,1.34,US,2021-12-22 19:10:10
81,Fortuna,40.5982,-124.1573,14.4,87,75,1.79,US,2021-12-22 19:10:11
82,Nikolskoye,59.7035,30.7861,-11.66,96,33,2.25,RU,2021-12-22 19:10:11
83,Zheleznodorozhnyy,55.7503,38.0042,-21.71,95,98,3.02,RU,2021-12-22 19:10:11
84,Douala,4.0483,9.7043,28.27,72,96,3.25,CM,2021-12-22 19:10:12
85,Lebu,-37.6167,-73.65,17.16,74,1,6.27,CL,2021-12-22 19:10:12
86,Punta Arenas,-53.15,-70.9167,17.18,53,100,6.24,CL,2021-12-22 19:08:28
87,Langnau,46.9394,7.7874,-2.52,88,9,2.26,CH,2021-12-22 19:10:13
88,Kahului,20.8947,-156.47,19.43,94,100,7.38,US,2021-12-22 19:07:08
89,East London,-33.0153,27.9116,20.82,90,100,3.64,ZA,2021-12-22 19:11:13
90,Komatipoort,-25.4332,31.9548,26.7,55,100,3.83,ZA,2021-12-22 19:11:14
91,Lodwar,3.1191,35.5973,27.96,56,69,9.17,KE,2021-12-22 19:11:14
92,Pangody,65.85,74.4859,-6.23,94,100,9.19,RU,2021-12-22 19:11:15
93,Port Blair,11.6667,92.75,24.56,81,83,3.25,IN,2021-12-22 19:10:47
94,Sitka,57.0531,-135.33,-4.65,64,0,3.98,US,2021-12-22 19:11:15
95,Butaritari,3.0707,172.7902,27.11,73,40,2.52,KI,2021-12-22 19:11:16
96,Abeokuta,7.15,3.35,29.17,25,3,1.58,NG,2021-12-22 19:11:16
97,Conakry,9.538,-13.6773,27.42,52,14,3.11,GN,2021-12-22 19:11:17
98,Kalghatgi,15.1833,74.9667,18.99,50,0,0.51,IN,2021-12-22 19:11:17
99,Novikovo,51.1537,37.8879,-14.17,91,95,3.34,RU,2021-12-22 19:11:18
100,Narva-Joesuu,59.4589,28.0408,-6.3,75,100,3.53,EE,2021-12-22 19:11:18
101,Mar Del Plata,-38.0023,-57.5575,19.93,89,0,5.36,AR,2021-12-22 19:10:15
102,Meulaboh,4.1363,96.1285,24.63,87,99,1.21,ID,2021-12-22 19:11:18
103,Roald,62.5833,6.1333,2.87,93,75,3.6,NO,2021-12-22 19:11:19
104,Gat,31.61,34.7642,14.11,100,99,2.6,IL,2021-12-22 19:11:19
105,Rio Gallegos,-51.6226,-69.2181,23.36,34,86,7.45,AR,2021-12-22 19:06:35
106,Salinopolis,-0.6136,-47.3561,29.19,71,99,6.66,BR,2021-12-22 19:11:20
107,Vila Franca Do Campo,37.7167,-25.4333,16.23,76,50,8.09,PT,2021-12-22 19:11:20
108,Xiaolingwei,32.0333,118.85,7.14,53,0,2.38,CN,2021-12-22 19:11:20
109,Ahipara,-35.1667,173.1667,19.31,79,100,5.33,NZ,2021-12-22 19:11:21
110,Saint-Philippe,-21.3585,55.7679,24.77,84,74,5.83,RE,2021-12-22 19:11:21
111,Keetmanshoop,-26.5833,18.1333,21.46,27,0,9.8,NA,2021-12-22 19:11:21
112,Bathsheba,13.2167,-59.5167,26.95,72,94,10.06,BB,2021-12-22 19:11:22
113,Yellowknife,62.456,-114.3525,-29.77,93,100,0.88,CA,2021-12-22 19:11:22
114,Luderitz,-26.6481,15.1594,18.02,83,0,3.07,NA,2021-12-22 19:11:23
115,Jamestown,42.097,-79.2353,-2.38,85,100,5.81,US,2021-12-22 19:11:23
116,Balykshi,47.0667,51.8667,-4.0,74,40,10.0,KZ,2021-12-22 19:11:23
117,Atambua,-9.1061,124.8925,23.11,87,100,1.5,ID,2021-12-22 19:11:24
118,Hithadhoo,-0.6,73.0833,27.72,73,94,2.62,MV,2021-12-22 19:11:24
119,Chuy,-33.6971,-53.4616,24.09,56,0,5.35,UY,2021-12-22 19:11:25
120,Hobart,-42.8794,147.3294,9.51,74,100,3.6,AU,2021-12-22 19:11:25
121,Zhangye,38.9342,100.4517,-1.27,29,100,2.8,CN,2021-12-22 19:11:25
122,Ilulissat,69.2167,-51.1,-1.31,63,65,5.51,GL,2021-12-22 19:11:26
123,Oranjestad,12.524,-70.027,26.86,85,24,5.94,AW,2021-12-22 19:10:48
124,Port Macquarie,-31.4333,152.9167,20.98,91,100,2.07,AU,2021-12-22 19:08:29
125,Hofn,64.2539,-15.2082,-1.5,70,8,7.68,IS,2021-12-22 19:11:26
126,Krasnovishersk,60.4078,57.082,-18.69,100,98,1.14,RU,2021-12-22 19:11:27
127,Beaverlodge,55.2166,-119.4361,-12.69,95,100,0.41,CA,2021-12-22 19:11:27
128,Pangai,-19.8,-174.35,27.23,75,100,7.61,TO,2021-12-22 19:11:28
129,San Cristobal,7.7669,-72.225,27.93,56,96,0.14,VE,2021-12-22 19:11:28
130,Saskylakh,71.9167,114.0833,-33.84,100,55,2.04,RU,2021-12-22 19:11:28
131,Saint-Augustin,51.226,-58.6502,-11.68,77,68,1.49,CA,2021-12-22 19:11:29
132,Svetlogorsk,52.6333,29.7333,-10.31,85,83,4.05,BY,2021-12-22 19:11:29
133,Newport,51.5877,-2.9984,6.97,89,100,2.84,GB,2021-12-22 19:11:30
134,Pevek,69.7008,170.3133,-28.23,100,100,0.99,RU,2021-12-22 19:11:30
135,Tuatapere,-46.1333,167.6833,11.57,77,44,3.38,NZ,2021-12-22 19:11:30
136,Balikpapan,-1.2675,116.8289,23.77,93,99,2.22,ID,2021-12-22 19:12:31
137,Gazanjyk,39.2446,55.5154,7.67,72,100,4.2,TM,2021-12-22 19:12:31
138,Kasakh,40.537,44.4105,-11.08,64,0,2.23,AM,2021-12-22 19:12:31
139,Saldanha,-33.0117,17.9442,18.26,86,100,4.88,ZA,2021-12-22 19:12:32
140,Grand Gaube,-20.0064,57.6608,26.32,83,100,3.13,MU,2021-12-22 19:12:32
141,Lorengau,-2.0226,147.2712,27.48,81,100,3.09,PG,2021-12-22 19:12:32
142,Korla,41.7597,86.1469,-4.75,68,6,2.74,CN,2021-12-22 19:12:33
143,Buford,34.1207,-84.0043,14.46,46,0,5.42,US,2021-12-22 19:12:33
144,Edinburg,55.9521,-3.1965,2.8,95,90,0.45,GB,2021-12-22 19:11:33
145,Dikson,73.5069,80.5464,-19.65,83,96,5.93,RU,2021-12-22 19:12:34
146,Iberia,29.9502,-91.7507,18.36,43,0,1.43,US,2021-12-22 19:10:48
147,Harnai,30.1005,67.9374,11.92,23,54,0.68,PK,2021-12-22 19:12:34
148,Faya,18.3851,42.4509,12.93,88,10,2.01,SA,2021-12-22 19:09:37
149,Sao Filipe,14.8961,-24.4956,24.32,70,0,4.68,CV,2021-12-22 19:12:35
150,Qaanaaq,77.484,-69.3632,-3.61,61,14,4.79,GL,2021-12-22 19:10:34
151,Arraial Do Cabo,-22.9661,-42.0278,25.09,87,5,5.13,BR,2021-12-22 19:12:36
152,Thabazimbi,-24.5917,27.4116,23.05,60,100,2.39,ZA,2021-12-22 19:12:36
153,Ust-Kulom,61.6864,53.6902,-20.98,99,91,1.98,RU,2021-12-22 19:12:37
154,Bredasdorp,-34.5322,20.0403,19.04,82,88,5.02,ZA,2021-12-22 19:08:18
155,Waipawa,-41.4122,175.5153,18.85,73,98,6.39,NZ,2021-12-22 19:12:39
156,Saint-Pierre,-21.3393,55.4781,24.82,85,0,2.06,RE,2021-12-22 19:12:40
157,Sisimiut,66.9395,-53.6735,-1.28,70,65,4.6,GL,2021-12-22 19:12:41
158,Amapa,1.0,-52.0,26.07,93,100,2.26,BR,2021-12-22 19:12:41
159,Acari,-15.4311,-74.6158,27.03,47,87,5.0,PE,2021-12-22 19:12:41
160,Cootamundra,-34.65,148.0333,16.64,85,0,4.32,AU,2021-12-22 19:12:42
161,Arkhangelsk,64.5401,40.5433,-11.94,92,75,1.0,RU,2021-12-22 19:12:42
162,Bilibino,68.0546,166.4372,-35.18,99,100,0.73,RU,2021-12-22 19:12:42
163,Cockburn Town,21.4612,-71.1419,26.0,77,54,4.43,TC,2021-12-22 19:09:58
164,Alofi,-19.0595,-169.9187,26.39,73,27,7.83,NU,2021-12-22 19:12:43
165,Lakatoro,-16.0999,167.4164,27.5,79,53,2.76,VU,2021-12-22 19:12:43
166,Maceio,-9.6658,-35.7353,27.88,75,100,7.65,BR,2021-12-22 19:12:43
167,Buffalo,42.8865,-78.8784,-0.03,65,97,8.62,US,2021-12-22 19:10:25
168,Linxia,35.6003,103.2064,-2.6,33,82,1.04,CN,2021-12-22 19:12:44
169,Vilhena,-12.7406,-60.1458,23.57,93,100,2.21,BR,2021-12-22 19:12:44
170,Faanui,-16.4833,-151.75,26.99,77,51,7.26,PF,2021-12-22 19:12:09
171,Samarai,-10.6167,150.6667,27.34,78,100,0.97,PG,2021-12-22 19:12:45
172,Fort Nelson,58.8053,-122.7002,-18.01,97,100,0.65,CA,2021-12-22 19:12:02
173,Basse-Pointe,14.8695,-61.115,29.03,32,100,7.66,MQ,2021-12-22 19:12:45
174,Kimberley,-28.7323,24.7623,16.88,80,100,7.92,ZA,2021-12-22 19:12:46
175,Kodiak,57.79,-152.4072,1.96,69,86,2.24,US,2021-12-22 19:11:02
176,Nhulunbuy,-12.2333,136.7667,27.34,74,40,0.0,AU,2021-12-22 19:12:46
177,Makat,47.6469,53.3463,0.06,56,100,9.36,KZ,2021-12-22 19:12:46
178,Broome,42.2506,-75.833,1.54,62,90,3.58,US,2021-12-22 19:12:47
179,Kashi,39.4547,75.9797,-3.15,47,80,0.28,CN,2021-12-22 19:12:47
180,Valkeala,60.9401,26.7979,-12.78,85,75,2.57,FI,2021-12-22 19:12:47
181,Grindavik,63.8424,-22.4338,1.26,80,75,5.14,IS,2021-12-22 19:13:48
182,Provideniya,64.3833,-173.3,-17.62,97,100,10.79,RU,2021-12-22 19:08:53
183,Muros,42.7762,-9.0603,16.28,78,100,10.29,ES,2021-12-22 19:13:48
184,Chulman,56.8479,124.9104,-43.68,99,100,1.82,RU,2021-12-22 19:13:49
185,Laguna,38.421,-121.4238,12.28,93,90,0.45,US,2021-12-22 19:13:49
186,Hasaki,35.7333,140.8333,1.22,49,100,5.92,JP,2021-12-22 19:13:49
187,Zhigalovo,54.8097,105.1578,-37.62,100,41,0.62,RU,2021-12-22 19:13:49
188,Ahuimanu,21.4447,-157.8378,22.89,74,95,2.68,US,2021-12-22 19:13:50
189,San Patricio,28.017,-97.5169,25.57,45,79,4.19,US,2021-12-22 19:13:50
190,Koroni,36.8,21.95,12.26,64,79,2.89,GR,2021-12-22 19:13:51
191,Shahrud,36.4182,54.9763,2.93,59,0,0.68,IR,2021-12-22 19:13:51
192,Coquimbo,-29.9533,-71.3436,19.55,71,22,3.48,CL,2021-12-22 19:13:52
193,Hobyo,5.3505,48.5268,26.12,79,100,5.7,SO,2021-12-22 19:13:52
194,Port Elizabeth,-33.918,25.5701,19.5,88,53,4.8,ZA,2021-12-22 19:13:52
195,Mumbwa,-14.9783,27.0619,18.5,95,100,2.03,ZM,2021-12-22 19:13:53
196,Muncar,-8.4333,114.3333,24.93,87,81,1.2,ID,2021-12-22 19:13:53
197,Singkang,2.1006,102.7994,23.58,96,98,1.17,MY,2021-12-22 19:13:54
198,Ponta Delgada,37.7333,-25.6667,16.4,63,20,11.32,PT,2021-12-22 19:13:54
199,Lavrentiya,65.5833,-171.0,-19.06,91,100,7.91,RU,2021-12-22 19:13:54
200,Nizhnyaya Tavda,57.6731,66.1725,-8.62,94,100,5.01,RU,2021-12-22 19:13:55
201,De Aar,-30.6497,24.0123,20.43,56,62,0.85,ZA,2021-12-22 19:13:55
202,Sheltozero,61.3667,35.3667,-8.63,87,100,6.42,RU,2021-12-22 19:13:56
203,Dunedin,-45.8742,170.5036,12.26,76,7,4.49,NZ,2021-12-22 19:10:29
204,Palmerston,-12.486,130.9833,27.99,94,75,1.03,AU,2021-12-22 19:13:56
205,Mazatan,14.8667,-92.45,29.06,64,0,2.77,MX,2021-12-22 19:13:56
206,Leningradskiy,69.3833,178.4167,-26.82,99,100,2.88,RU,2021-12-22 19:13:57
207,Kudahuvadhoo,2.6708,72.8944,27.89,74,81,4.91,MV,2021-12-22 19:13:57
208,Kyshtovka,56.555,76.6271,-3.65,89,100,7.95,RU,2021-12-22 19:13:57
209,Exeter,50.7236,-3.5275,9.88,91,100,4.62,GB,2021-12-22 19:13:58
210,Walvis Bay,-22.9575,14.5053,18.38,81,0,4.15,NA,2021-12-22 19:13:58
211,Kaohsiung,22.6163,120.3133,20.58,87,80,0.45,TW,2021-12-22 19:10:44
212,Saint-Joseph,-21.3667,55.6167,24.21,82,72,3.1,RE,2021-12-22 19:13:59
213,Turukhansk,65.8167,87.9833,-15.06,93,100,8.23,RU,2021-12-22 19:13:59
214,College,64.8569,-147.8028,-23.33,68,78,1.33,US,2021-12-22 19:13:59
215,Cayenne,4.9333,-52.3333,25.05,91,75,0.45,GF,2021-12-22 19:14:00
216,Kruisfontein,-34.0033,24.7314,18.27,94,40,2.57,ZA,2021-12-22 19:14:00
217,Dingli,35.8614,14.3822,12.67,82,20,2.06,MT,2021-12-22 19:14:00
218,Hagere Hiywet,8.9833,37.85,14.92,65,89,3.55,ET,2021-12-22 19:14:01
219,Canon City,38.441,-105.2424,16.92,7,1,0.89,US,2021-12-22 19:14:01
220,Tuktoyaktuk,69.4541,-133.0374,-19.04,93,100,7.69,CA,2021-12-22 19:14:01
221,Buala,-8.145,159.5921,26.53,85,90,3.18,SB,2021-12-22 19:14:01
222,Nanlong,31.3533,106.0631,9.95,66,100,0.99,CN,2021-12-22 19:14:02
223,Seoul,37.5683,126.9778,-1.31,38,0,1.06,KR,2021-12-22 19:14:02
224,Abeche,13.8292,20.8324,24.3,20,4,3.74,TD,2021-12-22 19:14:03
225,Kununurra,-15.7667,128.7333,25.99,94,40,0.0,AU,2021-12-22 19:14:03
226,Garissa,-0.4536,39.6401,24.3,87,90,6.22,KE,2021-12-22 19:14:03
227,Bima,-8.4667,118.7167,25.61,91,100,1.44,ID,2021-12-22 19:14:04
228,Surt,31.2089,16.5887,15.53,47,100,1.84,LY,2021-12-22 19:15:04
229,Arroio Grande,-32.2375,-53.0869,26.22,45,5,6.06,BR,2021-12-22 19:13:40
230,Manresa,41.725,1.8266,11.97,91,4,1.79,ES,2021-12-22 19:15:04
231,Amahai,-3.3333,128.9167,24.86,87,100,2.31,ID,2021-12-22 19:15:05
232,Ilheus,-14.7889,-39.0494,26.9,89,40,5.66,BR,2021-12-22 19:15:05
233,Sorong,-0.8833,131.25,26.66,80,100,5.56,ID,2021-12-22 19:15:05
234,Gasa,31.5,34.4667,14.38,70,100,4.39,PS,2021-12-22 19:11:43
235,Kolpny,52.2282,37.0368,-13.4,92,99,3.77,RU,2021-12-22 19:15:06
236,Tapikan,6.8519,124.3225,20.3,96,100,0.66,PH,2021-12-22 19:15:06
237,Plettenberg Bay,-34.0527,23.3716,18.67,91,100,3.35,ZA,2021-12-22 19:15:07
238,Eenhana,-17.4667,16.3333,25.52,39,100,1.9,NA,2021-12-22 19:12:47
239,Longyan,25.1072,117.0225,13.18,94,98,0.66,CN,2021-12-22 19:15:07
240,Sibu,2.3,111.8167,24.17,94,40,1.03,MY,2021-12-22 19:15:07
241,Esperance,-33.8667,121.9,15.4,90,71,3.52,AU,2021-12-22 19:15:08
242,Carnarvon,-24.8667,113.6333,21.41,83,2,9.9,AU,2021-12-22 19:11:06
243,Yar-Sale,66.8333,70.8333,-7.78,95,100,5.31,RU,2021-12-22 19:15:08
244,Egvekinot,66.3167,-179.1667,-22.07,88,100,6.18,RU,2021-12-22 19:15:09
245,Paamiut,61.994,-49.6678,0.6,90,100,3.4,GL,2021-12-22 19:15:09
246,Beyneu,45.3167,55.2,0.91,61,100,4.28,KZ,2021-12-22 19:15:10
247,Lichinga,-13.3128,35.2406,22.05,78,0,3.09,MZ,2021-12-22 19:15:10
248,Kyra,49.5776,111.9753,-19.8,79,100,2.33,RU,2021-12-22 19:15:10
249,Buchanan,5.8808,-10.0467,29.98,74,88,2.93,LR,2021-12-22 19:15:11
250,Traverse City,44.7631,-85.6206,-4.59,72,90,5.66,US,2021-12-22 19:14:23
251,Dharchula,29.85,80.5333,7.37,38,0,3.38,IN,2021-12-22 19:15:12
252,Rafai,4.95,23.9167,25.55,39,100,1.26,CF,2021-12-22 19:15:12
253,Beringovskiy,63.05,179.3167,-7.99,94,100,12.77,RU,2021-12-22 19:15:12
254,Dalby,-27.1833,151.2667,20.27,74,97,2.33,AU,2021-12-22 19:15:13
255,Bell Ville,-32.6259,-62.6887,37.0,17,7,3.92,AR,2021-12-22 19:15:13
256,Chibombo,-14.6569,28.0706,18.55,94,100,1.59,ZM,2021-12-22 19:15:13
257,Kaitangata,-46.2817,169.8464,12.54,60,7,4.99,NZ,2021-12-22 19:15:14
258,Dalvik,65.9702,-18.5286,-8.04,86,20,3.92,IS,2021-12-22 19:15:14
259,Bafq,31.6128,55.4107,12.53,30,9,2.47,IR,2021-12-22 19:15:15
260,Vardo,70.3705,31.1107,-5.01,93,90,11.83,NO,2021-12-22 19:15:15
261,Pimentel,-6.8367,-79.9342,25.16,57,0,7.2,PE,2021-12-22 19:15:15
262,Turayf,31.6725,38.6637,8.14,87,40,2.06,SA,2021-12-22 19:15:15
263,Norman Wells,65.282,-126.8329,-20.98,77,90,1.03,CA,2021-12-22 19:15:16
264,Lukovetskiy,64.2956,41.9211,-11.01,99,100,1.03,RU,2021-12-22 19:15:16
265,Lasa,46.6166,10.7002,-2.51,45,12,1.12,IT,2021-12-22 19:15:16
266,Shenjiamen,29.9576,122.298,12.17,66,19,3.43,CN,2021-12-22 19:15:17
267,Suratgarh,29.3167,73.9,16.73,18,93,3.03,IN,2021-12-22 19:15:17
268,Mareeba,-17.0,145.4333,21.36,94,16,0.76,AU,2021-12-22 19:15:18
269,Ponta Do Sol,32.6667,-17.1,20.4,87,9,3.75,PT,2021-12-22 19:15:18
270,Chara,56.9064,118.2631,-34.08,90,100,1.04,RU,2021-12-22 19:15:18
271,Shelburne,44.0787,-80.2041,-2.71,84,97,7.91,CA,2021-12-22 19:15:11
272,Starachowice,51.0374,21.0713,-3.97,86,24,1.29,PL,2021-12-22 19:15:19
273,Srandakan,-7.9386,110.2506,25.04,88,95,1.94,ID,2021-12-22 19:16:19
274,Boa Vista,2.8197,-60.6733,33.99,49,75,4.63,BR,2021-12-22 19:16:20
275,Severiano Melo,-5.7772,-37.9578,35.83,31,72,8.03,BR,2021-12-22 19:16:20
276,Diebougou,10.9667,-3.25,28.29,16,58,2.72,BF,2021-12-22 19:16:20
277,Apatou,5.155,-54.3472,23.21,99,100,1.18,GF,2021-12-22 19:16:21
278,Longyearbyen,78.2186,15.6401,-12.09,67,40,4.63,SJ,2021-12-22 19:16:21
279,Omboue,-1.5746,9.2618,26.06,88,100,2.7,GA,2021-12-22 19:16:21
280,Lircay,-12.9896,-74.7205,20.3,29,100,3.83,PE,2021-12-22 19:16:22
281,Nanzhou,29.3596,112.4024,10.46,48,0,1.37,CN,2021-12-22 19:16:23
282,Homer,59.6425,-151.5483,-2.07,93,90,0.0,US,2021-12-22 19:16:24
283,Namibe,-15.1961,12.1522,21.23,74,15,4.45,AO,2021-12-22 19:16:26
284,Terrace Bay,48.7834,-87.1,-17.21,77,78,2.5,CA,2021-12-22 19:16:27
285,Killybegs,54.6333,-8.45,11.36,96,100,4.38,IE,2021-12-22 19:16:27
286,Ballina,-28.8667,153.5667,21.1,96,100,1.7,AU,2021-12-22 19:16:28
287,Airai,-8.9266,125.4092,15.67,95,100,0.88,TL,2021-12-22 19:16:28
288,Virginia Beach,36.8529,-75.978,11.7,67,15,6.71,US,2021-12-22 19:13:23
289,Salekhard,66.53,66.6019,-14.58,95,100,4.58,RU,2021-12-22 19:16:28
290,Vasylivka,47.4369,35.2742,-11.51,57,46,4.77,UA,2021-12-22 19:16:29
291,Taoudenni,22.6783,-3.9836,23.73,22,100,4.8,ML,2021-12-22 19:16:29
292,Vernon,50.2581,-119.2691,0.63,71,100,0.89,CA,2021-12-22 19:16:14
293,Ludvika,60.1496,15.1878,-4.11,89,37,1.38,SE,2021-12-22 19:16:29
294,Los Llanos De Aridane,28.6585,-17.9182,17.86,95,40,1.03,ES,2021-12-22 19:16:30
295,Conde,-7.2597,-34.9075,28.7,70,40,4.63,BR,2021-12-22 19:16:30
296,Manyana,-23.4,21.7167,26.65,32,100,5.87,BW,2021-12-22 19:16:31
297,Urucui,-7.2294,-44.5561,30.85,57,99,2.15,BR,2021-12-22 19:16:31
298,Kolobrzeg,54.1757,15.5834,-0.58,83,100,5.74,PL,2021-12-22 19:16:31
299,Asau,46.4333,26.4,-6.69,78,63,1.7,RO,2021-12-22 19:16:32
300,Sozimskiy,59.7418,52.2482,-24.22,99,78,1.81,RU,2021-12-22 19:16:32
301,Acajutla,13.5928,-89.8275,33.19,58,79,4.83,SV,2021-12-22 19:16:32
302,Vao,-22.6667,167.4833,24.0,72,6,4.88,NC,2021-12-22 19:16:33
303,Evensk,61.95,159.2333,-17.9,73,100,5.61,RU,2021-12-22 19:16:33
304,Margate,51.3813,1.3862,4.27,62,100,7.31,GB,2021-12-22 19:16:34
305,The Valley,18.217,-63.0578,28.92,74,20,5.14,AI,2021-12-22 19:16:34
306,Benjamin Constant,-4.3831,-70.0311,31.07,66,75,1.03,BR,2021-12-22 19:16:35
307,Bar Harbor,44.3876,-68.2039,9.58,92,90,3.58,US,2021-12-22 19:16:37
308,Saravena,6.9538,-71.8752,33.91,42,100,1.02,CO,2021-12-22 19:16:38
309,Sinnamary,5.3833,-52.95,24.61,94,100,3.8,GF,2021-12-22 19:16:40
310,Georgetown,5.4112,100.3354,26.05,88,20,1.03,MY,2021-12-22 19:16:40
311,Woodward,36.4337,-99.3904,16.57,39,1,6.17,US,2021-12-22 19:16:41
312,Farafenni,13.5667,-15.6,30.64,14,100,3.51,GM,2021-12-22 19:16:41
313,Tevaitoa,-16.7833,-151.5,26.86,77,94,7.43,PF,2021-12-22 19:16:42
314,Biltine,14.5333,20.9167,24.27,17,0,6.29,TD,2021-12-22 19:16:42
315,Kieta,-6.2167,155.6333,26.89,82,100,0.88,PG,2021-12-22 19:16:43
316,Dillon,34.4166,-79.3712,16.22,42,5,4.81,US,2021-12-22 19:16:43
317,Tigil,57.8,158.6667,-12.07,85,100,8.64,RU,2021-12-22 19:16:43
318,Parana,-31.732,-60.5238,36.43,35,28,5.0,AR,2021-12-22 19:12:23
319,Kota Kinabalu,5.9749,116.0724,24.99,94,20,2.06,MY,2021-12-22 19:16:44
320,Ancud,-41.8697,-73.8203,28.46,70,10,3.25,CL,2021-12-22 19:16:34
321,Makhinjauri,41.6739,41.694,1.92,93,75,4.12,GE,2021-12-22 19:17:45
322,Mecca,21.4267,39.8261,21.48,55,0,2.39,SA,2021-12-22 19:17:45
323,Raahe,64.6833,24.4833,-4.95,88,100,8.2,FI,2021-12-22 19:17:45
324,Torbay,47.6666,-52.7314,-1.29,74,60,0.45,CA,2021-12-22 19:15:11
325,Edd,13.9297,41.6925,26.36,73,5,2.6,ER,2021-12-22 19:16:13
326,Belvedere Marittimo,39.6179,15.8617,9.51,76,33,2.73,IT,2021-12-22 19:17:46
327,Sola,-13.8833,167.55,28.03,70,93,2.76,VU,2021-12-22 19:17:46
328,Umm Kaddadah,13.6017,26.6876,19.03,15,1,6.32,SD,2021-12-22 19:17:47
329,Avera,33.194,-82.5271,16.53,43,15,6.28,US,2021-12-22 19:17:47
330,Cherskiy,68.75,161.3,-34.74,100,100,2.06,RU,2021-12-22 19:17:47
331,Okha,53.5739,142.9478,-19.09,95,99,9.6,RU,2021-12-22 19:17:48
332,Marzuq,14.4,46.4667,18.37,34,4,0.23,YE,2021-12-22 19:17:48
333,Dabakala,8.3667,-4.4333,28.9,19,8,1.63,CI,2021-12-22 19:17:48
334,Kulhudhuffushi,6.6221,73.07,27.05,70,61,3.49,MV,2021-12-22 19:17:49
335,Banepa,27.6298,85.5214,5.18,93,20,1.03,NP,2021-12-22 19:17:49
336,Moerai,-22.4333,-151.3333,25.81,82,97,3.6,PF,2021-12-22 19:17:50
337,Victor Harbor,-35.5667,138.6167,15.56,79,60,4.24,AU,2021-12-22 19:17:50
338,De-Kastri,51.4667,140.7833,-20.78,95,100,4.76,RU,2021-12-22 19:17:25
339,Boyuibe,-20.4167,-63.2833,25.95,95,100,1.04,BO,2021-12-22 19:17:50
340,San Quintin,30.4833,-115.95,18.49,56,100,3.27,MX,2021-12-22 19:14:46
341,Touros,-5.1989,-35.4608,30.5,68,39,5.95,BR,2021-12-22 19:17:51
342,Kattivakkam,13.2167,80.3167,23.93,73,0,1.1,IN,2021-12-22 19:17:51
343,Mahalapye,-23.1041,26.8142,22.62,71,88,3.55,BW,2021-12-22 19:17:51
344,Ola,59.5833,151.2833,-17.82,71,100,5.63,RU,2021-12-22 19:17:52
345,Clyde River,70.4692,-68.5914,-11.87,85,90,4.12,CA,2021-12-22 19:17:52
346,Manggar,-2.8833,108.2667,25.66,86,99,2.04,ID,2021-12-22 19:17:53
347,Mazyr,52.0495,29.2456,-10.04,87,100,4.05,BY,2021-12-22 19:17:53
348,Chiredzi,-21.05,31.6667,21.57,95,99,2.11,ZW,2021-12-22 19:17:53
349,Altamont,42.2068,-121.7372,4.32,96,81,3.7,US,2021-12-22 19:13:54
350,Olafsvik,64.8945,-23.7142,0.98,77,34,5.84,IS,2021-12-22 19:17:54
351,Sao Joao Da Barra,-21.6403,-41.0511,29.05,82,7,4.77,BR,2021-12-22 19:17:54
352,Igdir,39.9237,44.045,-5.04,55,6,2.3,TR,2021-12-22 19:17:54
353,Hecun,36.5333,114.1111,1.27,72,9,1.4,CN,2021-12-22 19:17:55
354,Puerto Leguizamo,-0.1934,-74.7819,31.42,56,100,1.76,CO,2021-12-22 19:17:55
355,Gambela,8.25,34.5833,30.17,50,100,1.08,ET,2021-12-22 19:17:55
356,Anadyr,64.75,177.4833,-12.72,84,90,7.0,RU,2021-12-22 19:17:56
357,Caravelas,-17.7125,-39.2481,27.24,78,54,5.35,BR,2021-12-22 19:17:56
358,High Rock,26.6208,-78.2833,21.01,68,0,9.06,BS,2021-12-22 19:17:56
359,Storslett,69.7678,21.0247,-2.0,93,90,1.54,NO,2021-12-22 19:17:57
360,Westport,41.1415,-73.3579,9.32,58,1,4.02,US,2021-12-22 19:17:51
361,Bac Lieu,9.285,105.7244,24.69,88,100,6.24,VN,2021-12-22 19:17:57
362,Naze,28.3667,129.4833,16.96,69,100,5.67,JP,2021-12-22 19:17:58
363,Kabanjahe,3.1001,98.4908,17.42,96,85,1.34,ID,2021-12-22 19:17:04
364,Caibarien,22.5206,-79.4669,26.62,65,100,6.52,CU,2021-12-22 19:17:58
365,Pasighat,28.0667,95.3333,13.39,53,42,1.64,IN,2021-12-22 19:17:58
366,Bereda,43.2686,-7.5406,14.4,76,88,3.01,ES,2021-12-22 19:17:59
367,Serra,-20.1286,-40.3078,28.7,74,40,8.23,BR,2021-12-22 19:16:33
368,Marathon,44.9,-89.7668,-9.37,67,90,2.57,US,2021-12-22 19:17:59
369,Imbituba,-28.24,-48.6703,26.01,77,100,5.79,BR,2021-12-22 19:17:59
370,Antalaha,-14.9003,50.2788,25.81,90,52,1.83,MG,2021-12-22 19:19:00
371,Mogzon,51.7435,111.9606,-28.85,100,17,0.62,RU,2021-12-22 19:19:00
372,Damghan,36.1683,54.348,5.13,44,0,2.32,IR,2021-12-22 19:19:01
373,Katangli,51.7102,143.2326,-19.1,93,100,3.74,RU,2021-12-22 19:19:01
374,Kachiry,53.0675,76.1036,-4.44,89,100,6.13,KZ,2021-12-22 19:19:01
375,Port Hedland,-20.3167,118.5667,29.03,79,4,4.63,AU,2021-12-22 19:19:02
376,Muyezerskiy,63.9333,31.65,-11.63,92,100,4.77,RU,2021-12-22 19:19:02
377,Komsomolskiy,40.4272,71.7189,4.68,75,61,1.03,UZ,2021-12-22 19:19:02
378,Lukang,24.0567,120.4352,21.35,84,100,6.35,TW,2021-12-22 19:19:03
379,Hailey,43.5196,-114.3153,-0.06,85,90,5.14,US,2021-12-22 19:17:09
380,Diu,20.7141,70.9822,19.28,63,4,4.3,IN,2021-12-22 19:19:03
381,Katsuura,35.1333,140.3,7.33,50,100,6.32,JP,2021-12-22 19:19:04
382,Smolenka,52.1352,113.4974,-33.92,68,7,1.0,RU,2021-12-22 19:19:04
383,Cabo San Lucas,22.8909,-109.9124,28.12,50,1,1.34,MX,2021-12-22 19:16:51
384,Soyo,-6.1349,12.3689,26.09,89,46,4.38,AO,2021-12-22 19:19:04
385,Van Buren,35.4368,-94.3483,15.6,40,1,1.79,US,2021-12-22 19:19:05
386,Kannapolis,35.4874,-80.6217,16.12,35,1,0.89,US,2021-12-22 19:16:22
387,Quelimane,-17.8786,36.8883,26.04,77,51,3.33,MZ,2021-12-22 19:19:05
388,Nuuk,64.1835,-51.7216,3.34,81,75,0.51,GL,2021-12-22 19:19:06
389,Poum,-20.2333,164.0167,26.56,78,4,5.1,NC,2021-12-22 19:19:06
390,Biak,-0.9131,122.8766,24.67,78,100,2.27,ID,2021-12-22 19:19:07
391,Magalia,39.8121,-121.5783,5.62,91,100,0.89,US,2021-12-22 19:19:07
392,Fukue,32.6881,128.8419,13.41,53,0,4.95,JP,2021-12-22 19:19:07
393,Camana,-16.6228,-72.7111,22.31,65,100,3.71,PE,2021-12-22 19:19:08
394,Sakakah,29.9697,40.2064,9.76,47,0,0.56,SA,2021-12-22 19:19:08
395,Chernihiv,51.0,32.0,-10.43,82,53,3.86,UA,2021-12-22 19:19:08
396,North Las Vegas,36.1989,-115.1175,12.86,41,1,1.54,US,2021-12-22 19:19:09
397,Huarmey,-10.0681,-78.1522,23.5,72,7,4.76,PE,2021-12-22 19:19:09
398,Ilhabela,-23.7781,-45.3581,28.05,72,26,2.31,BR,2021-12-22 19:19:10
399,Gatesville,31.4352,-97.7439,22.97,35,1,0.0,US,2021-12-22 19:19:10
400,Verkhnyaya Toyma,62.2349,44.9985,-25.69,100,99,0.44,RU,2021-12-22 19:19:10
401,Mahebourg,-20.4081,57.7,26.25,94,75,6.17,MU,2021-12-22 19:19:11
402,Hare Bay,48.8499,-54.0148,-5.22,80,50,1.69,CA,2021-12-22 19:19:11
403,Tatui,-23.3556,-47.8569,31.43,39,89,4.56,BR,2021-12-22 19:19:11
404,Douentza,14.9951,-2.9517,25.05,11,100,3.36,ML,2021-12-22 19:19:12
405,Klyuchi,52.2667,79.1667,-3.92,79,9,7.76,RU,2021-12-22 19:19:12
406,Udachnyy,66.4167,112.4,-33.77,100,72,1.27,RU,2021-12-22 19:18:15
407,Pisco,-13.7,-76.2167,24.03,64,0,7.2,PE,2021-12-22 19:19:13
408,Waw,7.7029,27.9953,27.18,34,69,1.58,SS,2021-12-22 19:19:13
409,San Vicente,-26.6167,-54.1333,33.86,28,25,2.75,AR,2021-12-22 19:19:13
410,Bonavista,48.6499,-53.1147,-2.16,69,100,5.29,CA,2021-12-22 19:19:14
411,Bud,39.447,-86.1758,2.64,43,0,4.67,US,2021-12-22 19:19:14
412,Tulun,54.5611,100.5792,-31.92,99,10,0.55,RU,2021-12-22 19:19:14
413,Uvat,59.1433,68.8953,-3.45,96,100,4.41,RU,2021-12-22 19:19:15
414,Joshimath,30.5667,79.5667,3.29,49,0,3.42,IN,2021-12-22 19:19:15
415,Khatanga,71.9667,102.5,-37.72,99,17,1.08,RU,2021-12-22 19:20:16
416,Mtwara,-10.2667,40.1833,26.45,80,29,3.64,TZ,2021-12-22 19:20:16
417,Ypsonas,34.6884,32.9574,11.27,76,20,2.06,CY,2021-12-22 19:20:16
418,Nadym,65.5333,72.5167,-4.52,96,100,8.15,RU,2021-12-22 19:20:17
419,Tigzirt,36.8886,4.1198,14.55,77,100,2.51,DZ,2021-12-22 19:20:17
420,Belmonte,-15.8631,-38.8828,27.28,83,99,6.12,BR,2021-12-22 19:20:18
421,Neringa,55.3719,21.0647,-5.95,90,100,5.18,LT,2021-12-22 19:20:18
422,Troitsko-Pechorsk,62.7084,56.1964,-23.25,100,84,0.35,RU,2021-12-22 19:20:18
423,Kalmunai,7.4167,81.8167,25.15,75,18,3.0,LK,2021-12-22 19:20:19
424,Zunheboto,25.9667,94.5167,6.0,97,9,1.34,IN,2021-12-22 19:20:19
425,Rivera,-30.9053,-55.5508,33.03,21,4,5.65,UY,2021-12-22 19:20:20
426,Alihe,50.5667,123.7167,-22.8,98,100,0.39,CN,2021-12-22 19:20:20
427,Sungairaya,0.7,108.9,25.67,89,88,2.04,ID,2021-12-22 19:20:20
428,Dicabisagan,17.0818,122.4157,24.24,89,100,1.08,PH,2021-12-22 19:20:21
429,Talnakh,69.4865,88.3972,-14.33,98,100,5.84,RU,2021-12-22 19:20:21
430,Price,39.5994,-110.8107,1.34,55,1,0.0,US,2021-12-22 19:18:54
431,Nalut,30.3333,10.85,12.32,33,100,1.62,LY,2021-12-22 19:20:22
432,Lima,-12.0432,-77.0282,26.61,67,40,4.63,PE,2021-12-22 19:19:18
433,Ust-Maya,60.4167,134.5333,-45.13,100,100,0.83,RU,2021-12-22 19:20:23
434,West Odessa,31.8424,-102.4988,24.4,11,1,5.66,US,2021-12-22 19:20:23
435,Brae,60.3964,-1.353,4.95,90,100,6.26,GB,2021-12-22 19:20:23
436,Bilma,18.6853,12.9164,18.43,17,44,4.57,NE,2021-12-22 19:20:23
437,Bandarbeyla,9.4942,50.8122,25.34,72,50,6.8,SO,2021-12-22 19:20:24
438,Fuyu,45.1833,124.8167,-25.35,99,17,1.26,CN,2021-12-22 19:20:24
439,Te Anau,-45.4167,167.7167,9.94,84,26,2.44,NZ,2021-12-22 19:20:25
440,Bosaso,11.2842,49.1816,24.46,71,96,1.68,SO,2021-12-22 19:20:25
441,Getulio Vargas,-32.6796,-53.5494,27.85,38,9,6.34,UY,2021-12-22 19:20:25
442,Cravo Norte,6.3017,-70.2041,35.79,36,62,4.83,CO,2021-12-22 19:20:26
443,Parsons,37.3403,-95.2611,13.16,26,14,5.93,US,2021-12-22 19:15:26
444,Iracoubo,5.4802,-53.2011,24.28,95,100,3.79,GF,2021-12-22 19:20:26
445,Norsup,-16.0667,167.3833,27.49,79,45,2.68,VU,2021-12-22 19:20:27
446,Ranfurly,-45.1333,170.1,11.15,43,10,3.14,NZ,2021-12-22 19:20:27
447,Ambovombe,-25.1667,46.0833,22.73,91,100,2.79,MG,2021-12-22 19:20:27
448,Victoria,22.2855,114.1577,20.21,89,100,1.79,HK,2021-12-22 19:20:28
449,Nome,64.5011,-165.4064,-8.96,53,90,9.26,US,2021-12-22 19:20:28
450,Sept-Iles,50.2001,-66.3821,-7.75,77,90,6.71,CA,2021-12-22 19:20:28
451,Almora,29.6167,79.6667,3.96,59,0,0.57,IN,2021-12-22 19:20:29
452,Maningrida,-12.0667,134.2667,28.38,68,96,2.34,AU,2021-12-22 19:20:29
453,Skelleftea,64.7507,20.9528,-12.8,66,0,0.89,SE,2021-12-22 19:20:29
454,Havoysund,70.9963,24.6622,-3.87,76,100,13.2,NO,2021-12-22 19:18:03
455,Santa Ana,33.7456,-117.8678,22.06,43,1,0.45,US,2021-12-22 19:20:30
456,Whitianga,-36.8333,175.7,21.12,71,100,2.67,NZ,2021-12-22 19:20:30
457,Deputatskiy,69.3,139.9,-30.89,95,100,2.35,RU,2021-12-22 19:20:30
458,Maine-Soroa,13.2114,12.0241,21.22,20,6,4.11,NE,2021-12-22 19:20:31
459,Pareora,-44.4871,171.2132,16.21,81,93,4.47,NZ,2021-12-22 19:20:31
460,Concordia,-31.393,-58.0209,34.32,26,75,6.26,AR,2021-12-22 19:20:31
461,Broken Hill,-31.95,141.4333,22.09,33,100,4.94,AU,2021-12-22 19:19:15
462,Caldwell,43.6629,-116.6874,8.07,83,75,6.17,US,2021-12-22 19:20:32
463,Nuevo Progreso,23.1667,-97.95,26.61,47,0,0.45,MX,2021-12-22 19:21:32
464,Benghazi,32.1167,20.0667,15.94,60,9,2.62,LY,2021-12-22 19:21:33
465,Lagdo,9.05,13.7333,24.62,20,1,2.51,CM,2021-12-22 19:21:33
466,Adrar,20.5022,-10.0711,22.15,23,100,4.04,MR,2021-12-22 19:21:33
467,General Bravo,25.8,-99.1667,23.34,46,93,3.55,MX,2021-12-22 19:21:34
468,Salihorsk,52.7876,27.5415,-10.38,94,78,3.18,BY,2021-12-22 19:21:34
469,Padang,-0.9492,100.3543,24.79,90,99,1.66,ID,2021-12-22 19:21:34
470,Narrabri,-30.3167,149.7833,20.85,91,100,1.85,AU,2021-12-22 19:21:35
471,Storforshei,66.4043,14.5233,-12.41,78,75,1.03,NO,2021-12-22 19:21:35
472,Conceicao Do Araguaia,-8.2578,-49.2647,28.2,81,100,1.94,BR,2021-12-22 19:21:36
473,Osa,57.2829,55.4567,-23.7,100,85,1.78,RU,2021-12-22 19:21:36
474,Farafangana,-22.8167,47.8333,26.3,89,100,5.85,MG,2021-12-22 19:21:36
475,Nisia Floresta,-6.0911,-35.2086,30.45,64,92,5.3,BR,2021-12-22 19:21:37
476,Gunjur,13.2019,-16.7339,27.04,57,0,1.54,GM,2021-12-22 19:21:37
477,Maragogi,-9.0122,-35.2225,27.98,72,100,6.06,BR,2021-12-22 19:21:38
478,Dwarka,22.2394,68.9678,22.38,77,100,4.04,IN,2021-12-22 19:21:38
479,Arlit,18.7369,7.3853,19.92,12,39,5.22,NE,2021-12-22 19:21:38
480,Quatre Cocos,-20.2078,57.7625,26.16,85,100,5.88,MU,2021-12-22 19:21:39
481,Solnechnyy,50.7214,136.6319,-26.57,99,91,0.69,RU,2021-12-22 19:21:39
482,Yulara,-25.2406,130.9889,22.91,60,12,3.09,AU,2021-12-22 19:21:39
483,Emba,48.8264,58.1442,-5.41,86,100,1.27,KZ,2021-12-22 19:21:40
484,Mascota,20.5167,-104.7833,17.84,20,0,1.09,MX,2021-12-22 19:21:40
485,Berlevag,70.8578,29.0864,-5.03,63,75,7.2,NO,2021-12-22 19:21:40
486,Novoagansk,61.9449,76.6625,-6.51,89,100,8.72,RU,2021-12-22 19:21:41
487,Flinders,-34.5833,150.8552,21.23,93,100,2.91,AU,2021-12-22 19:21:41
488,Mendeleyevo,56.0333,37.2167,-19.73,77,0,4.0,RU,2021-12-22 19:21:41
489,Puerto Del Rosario,28.5004,-13.8627,20.86,78,20,2.06,ES,2021-12-22 19:21:42
490,Kavieng,-2.5744,150.7967,27.81,78,100,3.34,PG,2021-12-22 19:21:42
491,Vostok,46.4856,135.8833,-32.29,99,76,1.97,RU,2021-12-22 19:21:43
492,Phichit,16.25,100.4167,22.78,72,4,1.62,TH,2021-12-22 19:21:43
493,Harnosand,62.6323,17.9379,-8.33,86,76,3.24,SE,2021-12-22 19:21:43
494,Jinchang,38.4953,102.1739,-1.42,30,100,1.17,CN,2021-12-22 19:21:44
495,Palmer,42.1584,-72.3287,7.79,67,75,1.79,US,2021-12-22 19:21:44
496,Kisanga,-7.4362,37.7034,25.98,78,99,3.6,TZ,2021-12-22 19:21:45
497,Lata,40.1629,-8.3327,16.07,87,100,2.97,PT,2021-12-22 19:21:45
498,Chapais,49.7834,-74.8492,-11.12,90,100,1.71,CA,2021-12-22 19:21:46
499,Bowen,-20.0167,148.2333,24.88,70,0,1.66,AU,2021-12-22 19:21:46
500,Athabasca,54.7169,-113.2854,-8.17,94,100,4.04,CA,2021-12-22 19:21:47
501,Skibby,55.7512,11.9608,2.7,95,100,0.89,DK,2021-12-22 19:21:47
502,Kiunga,-6.1219,141.2906,23.02,100,100,1.04,PG,2021-12-22 19:21:48
503,Kargasok,59.0556,80.8572,-12.03,93,100,7.64,RU,2021-12-22 19:21:48
504,Klodzko,50.4349,16.6614,-3.15,87,91,1.76,PL,2021-12-22 19:21:48
505,Fort-Shevchenko,44.5086,50.263,-0.12,54,99,12.34,KZ,2021-12-22 19:21:49
506,Batemans Bay,-35.7167,150.1833,19.55,95,100,1.25,AU,2021-12-22 19:21:49
507,Chirongui,-12.9319,45.1483,27.96,74,75,0.97,YT,2021-12-22 19:21:50
508,Rochester,43.1548,-77.6156,0.29,66,90,1.79,US,2021-12-22 19:18:52
509,Anloga,5.7947,0.8973,28.36,59,50,4.79,GH,2021-12-22 19:21:50
510,Wete,-5.0559,39.7294,26.06,80,100,2.49,TZ,2021-12-22 19:22:51
511,Santa Helena,-2.2311,-45.3,32.96,44,71,3.5,BR,2021-12-22 19:22:51
512,Bom Jesus,-9.0744,-44.3586,29.47,62,100,1.21,BR,2021-12-22 19:22:51
513,Whyalla,-33.0333,137.5833,16.94,88,40,6.17,AU,2021-12-22 19:22:52
514,Banda Aceh,5.5577,95.3222,24.73,81,93,1.03,ID,2021-12-22 19:22:52
515,Beian,63.6559,9.5683,0.0,86,20,5.66,NO,2021-12-22 19:22:53
516,Aquiraz,-3.9014,-38.3911,29.05,67,12,6.0,BR,2021-12-22 19:22:54
517,Mutsu,41.2894,141.2169,-1.67,80,100,7.65,JP,2021-12-22 19:22:54
518,Zyryanka,65.75,150.85,-37.18,100,100,0.76,RU,2021-12-22 19:22:54
519,Ugoofaaru,5.6667,73.0,27.15,76,90,4.74,MV,2021-12-22 19:22:55
520,Nioro,13.35,-15.75,29.86,14,100,3.08,GM,2021-12-22 19:18:09
521,Bedesa,8.9,40.7833,18.38,65,89,1.88,ET,2021-12-22 19:22:55
522,Kuah,6.3265,99.8432,24.99,88,20,1.03,MY,2021-12-22 19:22:56
523,Saint-Francois,46.4154,3.9054,0.26,96,90,1.54,FR,2021-12-22 19:22:56
524,Storsteinnes,69.2408,19.2344,-3.0,96,100,1.14,NO,2021-12-22 19:22:12
525,Mokhsogollokh,61.4681,128.9203,-46.0,99,55,1.5,RU,2021-12-22 19:22:57
526,Ifanadiana,-21.3,47.6333,22.12,94,33,1.98,MG,2021-12-22 19:22:57
527,Alexandria,31.2156,29.9553,15.1,67,29,2.16,EG,2021-12-22 19:19:49
528,Chipinge,-20.1883,32.6236,17.88,99,100,0.34,ZW,2021-12-22 19:22:57
529,Sao Miguel Do Araguaia,-13.275,-50.1628,27.21,83,88,2.68,BR,2021-12-22 19:22:58
530,Boende,-0.2167,20.8667,24.93,79,100,1.54,CD,2021-12-22 19:22:58
531,Mizan Teferi,6.9833,35.5833,17.99,90,36,0.86,ET,2021-12-22 19:18:08
532,Aguimes,27.9054,-15.4461,18.35,88,75,1.03,ES,2021-12-22 19:22:59
533,Dukat,62.55,155.55,-32.68,99,100,2.79,RU,2021-12-22 19:22:59
534,Belaya Gora,68.5333,146.4167,-28.17,99,100,1.17,RU,2021-12-22 19:23:00
535,Skibbereen,51.55,-9.2667,11.89,96,100,7.79,IE,2021-12-22 19:23:00
536,Camacha,33.0833,-16.3333,18.68,77,20,6.17,PT,2021-12-22 19:23:01
537,Lexington,37.9887,-84.4777,4.43,39,1,0.89,US,2021-12-22 19:22:19
538,Dedza,-14.3779,34.3332,17.49,83,20,0.55,MW,2021-12-22 19:23:01
539,Xiamen,24.4798,118.0819,16.81,44,0,2.0,CN,2021-12-22 19:23:01
540,Fakse,55.2469,12.1176,2.59,92,100,4.9,DK,2021-12-22 19:20:28
541,Aklavik,68.2191,-135.0107,-21.54,77,40,2.57,CA,2021-12-22 19:23:02
542,Novobirilyussy,56.9514,90.6661,-17.96,91,16,4.64,RU,2021-12-22 19:23:02
543,Guerrero Negro,27.9769,-114.0611,20.95,47,99,3.91,MX,2021-12-22 19:23:02
544,Raga,8.4596,25.678,24.59,25,15,2.06,SS,2021-12-22 19:23:03
545,Ostrovnoy,68.0531,39.5131,-6.71,94,100,3.38,RU,2021-12-22 19:23:03
546,Kawalu,-7.3817,108.2082,22.91,95,100,0.5,ID,2021-12-22 19:23:04
547,Srednekolymsk,67.45,153.6833,-32.85,99,100,3.12,RU,2021-12-22 19:23:04
548,Seminole,28.7086,-81.2081,18.46,67,1,2.24,US,2021-12-22 19:23:04
549,Utiel,39.5667,-1.2,9.57,84,11,0.18,ES,2021-12-22 19:23:05
550,Bara,10.3744,10.7288,24.11,27,10,3.62,NG,2021-12-22 19:23:05
551,El Real De Santa Maria,8.109,-77.7325,30.8,61,100,1.82,PA,2021-12-22 19:23:06
552,Lensk,60.7253,114.9278,-29.73,96,100,3.28,RU,2021-12-22 19:23:06
553,Kon Tum,14.35,108.0,17.22,96,31,1.4,VN,2021-12-22 19:23:06
554,Marawi,7.9986,124.2928,18.69,95,100,0.53,PH,2021-12-22 19:23:07
555,Leh,34.1667,77.5833,-11.88,68,99,0.54,IN,2021-12-22 19:23:07
556,Dagda,56.0951,27.5372,-11.01,97,93,2.09,LV,2021-12-22 19:24:08
557,Nyurba,63.2842,118.3319,-34.95,100,100,0.52,RU,2021-12-22 19:24:08
558,Ranong,9.9658,98.6348,22.56,83,38,1.12,TH,2021-12-22 19:24:09
